{
  "10/30": {
    "人均消费": 29.316761363636363,
    "消费人数": 2816,
    "消费总额": 82556.0
  },
  "10/31": {
    "人均消费": 29.34481534090909,
    "消费人数": 2816,
    "消费总额": 82635.0
  },
  "11/09": {
    "人均消费": 29.287642045454547,
    "消费人数": 2816,
    "消费总额": 82474.0
  },
  "11/02": {
    "人均消费": 29.26846590909091,
    "消费人数": 2816,
    "消费总额": 82420.0
  },
  "11/01": {
    "人均消费": 29.24112215909091,
    "消费人数": 2816,
    "消费总额": 82343.0
  },
  "11/04": {
    "人均消费": 29.169389204545453,
    "消费人数": 2816,
    "消费总额": 82141.0
  },
  "11/03": {
    "人均消费": 29.275568181818183,
    "消费人数": 2816,
    "消费总额": 82440.0
  },
  "09/30": {
    "人均消费": 29.292613636363637,
    "消费人数": 2816,
    "消费总额": 82488.0
  },
  "11/06": {
    "人均消费": 29.26669034090909,
    "消费人数": 2816,
    "消费总额": 82415.0
  },
  "11/05": {
    "人均消费": 29.142045454545453,
    "消费人数": 2816,
    "消费总额": 82064.0
  },
  "11/08": {
    "人均消费": 29.309303977272727,
    "消费人数": 2816,
    "消费总额": 82535.0
  },
  "11/07": {
    "人均消费": 29.29190340909091,
    "消费人数": 2816,
    "消费总额": 82486.0
  },
  "11/11": {
    "人均消费": 29.26669034090909,
    "消费人数": 2816,
    "消费总额": 82415.0
  },
  "11/10": {
    "人均消费": 29.134943181818183,
    "消费人数": 2816,
    "消费总额": 82044.0
  },
  "10/09": {
    "人均消费": 29.254616477272727,
    "消费人数": 2816,
    "消费总额": 82381.0
  },
  "10/08": {
    "人均消费": 29.256036931818183,
    "消费人数": 2816,
    "消费总额": 82385.0
  },
  "09/29": {
    "人均消费": 29.331676136363637,
    "消费人数": 2816,
    "消费总额": 82598.0
  },
  "09/28": {
    "人均消费": 29.182883522727273,
    "消费人数": 2816,
    "消费总额": 82179.0
  },
  "09/27": {
    "人均消费": 29.313920454545453,
    "消费人数": 2816,
    "消费总额": 82548.0
  },
  "09/26": {
    "人均消费": 29.235085227272727,
    "消费人数": 2816,
    "消费总额": 82326.0
  },
  "09/25": {
    "人均消费": 29.156960227272727,
    "消费人数": 2816,
    "消费总额": 82106.0
  },
  "09/24": {
    "人均消费": 29.454900568181817,
    "消费人数": 2816,
    "消费总额": 82945.0
  },
  "09/23": {
    "人均消费": 29.27627840909091,
    "消费人数": 2816,
    "消费总额": 82442.0
  },
  "10/01": {
    "人均消费": 29.294389204545453,
    "消费人数": 2816,
    "消费总额": 82493.0
  },
  "11/13": {
    "人均消费": 29.244673295454547,
    "消费人数": 2816,
    "消费总额": 82353.0
  },
  "09/22": {
    "人均消费": 29.20809659090909,
    "消费人数": 2816,
    "消费总额": 82250.0
  },
  "11/12": {
    "人均消费": 29.226917613636363,
    "消费人数": 2816,
    "消费总额": 82303.0
  },
  "09/21": {
    "人均消费": 29.268821022727273,
    "消费人数": 2816,
    "消费总额": 82421.0
  },
  "10/03": {
    "人均消费": 29.195667613636363,
    "消费人数": 2816,
    "消费总额": 82215.0
  },
  "11/15": {
    "人均消费": 29.27840909090909,
    "消费人数": 2816,
    "消费总额": 82448.0
  },
  "09/20": {
    "人均消费": 29.279829545454547,
    "消费人数": 2816,
    "消费总额": 82452.0
  },
  "10/02": {
    "人均消费": 29.31747159090909,
    "消费人数": 2816,
    "消费总额": 82558.0
  },
  "11/14": {
    "人均消费": 29.275923295454547,
    "消费人数": 2816,
    "消费总额": 82441.0
  },
  "10/05": {
    "人均消费": 29.150568181818183,
    "消费人数": 2816,
    "消费总额": 82088.0
  },
  "11/17": {
    "人均消费": 29.266335227272727,
    "消费人数": 2816,
    "消费总额": 82414.0
  },
  "10/04": {
    "人均消费": 29.2578125,
    "消费人数": 2816,
    "消费总额": 82390.0
  },
  "11/16": {
    "人均消费": 29.262073863636363,
    "消费人数": 2816,
    "消费总额": 82402.0
  },
  "10/07": {
    "人均消费": 29.224786931818183,
    "消费人数": 2816,
    "消费总额": 82297.0
  },
  "11/19": {
    "人均消费": 29.261363636363637,
    "消费人数": 2816,
    "消费总额": 82400.0
  },
  "10/06": {
    "人均消费": 29.376420454545453,
    "消费人数": 2816,
    "消费总额": 82724.0
  },
  "11/18": {
    "人均消费": 29.298650568181817,
    "消费人数": 2816,
    "消费总额": 82505.0
  },
  "11/20": {
    "人均消费": 29.240056818181817,
    "消费人数": 2816,
    "消费总额": 82340.0
  },
  "10/10": {
    "人均消费": 29.232954545454547,
    "消费人数": 2816,
    "消费总额": 82320.0
  },
  "11/22": {
    "人均消费": 29.31534090909091,
    "消费人数": 2816,
    "消费总额": 82552.0
  },
  "11/21": {
    "人均消费": 29.186079545454547,
    "消费人数": 2816,
    "消费总额": 82188.0
  },
  "09/19": {
    "人均消费": 29.277698863636363,
    "消费人数": 2816,
    "消费总额": 82446.0
  },
  "10/19": {
    "人均消费": 29.348366477272727,
    "消费人数": 2816,
    "消费总额": 82645.0
  },
  "09/18": {
    "人均消费": 29.265980113636363,
    "消费人数": 2816,
    "消费总额": 82413.0
  },
  "09/17": {
    "人均消费": 29.17578125,
    "消费人数": 2816,
    "消费总额": 82159.0
  },
  "09/16": {
    "人均消费": 29.273792613636363,
    "消费人数": 2816,
    "消费总额": 82435.0
  },
  "09/15": {
    "人均消费": 29.19034090909091,
    "消费人数": 2816,
    "消费总额": 82200.0
  },
  "09/14": {
    "人均消费": 29.195667613636363,
    "消费人数": 2816,
    "消费总额": 82215.0
  },
  "09/13": {
    "人均消费": 29.22265625,
    "消费人数": 2816,
    "消费总额": 82291.0
  },
  "09/12": {
    "人均消费": 29.332741477272727,
    "消费人数": 2816,
    "消费总额": 82601.0
  },
  "10/12": {
    "人均消费": 29.126775568181817,
    "消费人数": 2816,
    "消费总额": 82021.0
  },
  "11/24": {
    "人均消费": 29.163352272727273,
    "消费人数": 2816,
    "消费总额": 82124.0
  },
  "09/11": {
    "人均消费": 29.108664772727273,
    "消费人数": 2816,
    "消费总额": 81970.0
  },
  "10/11": {
    "人均消费": 29.297585227272727,
    "消费人数": 2816,
    "消费总额": 82502.0
  },
  "11/23": {
    "人均消费": 29.225852272727273,
    "消费人数": 2816,
    "消费总额": 82300.0
  },
  "09/10": {
    "人均消费": 29.182173295454547,
    "消费人数": 2816,
    "消费总额": 82177.0
  },
  "10/14": {
    "人均消费": 29.148792613636363,
    "消费人数": 2816,
    "消费总额": 82083.0
  },
  "11/26": {
    "人均消费": 29.285511363636363,
    "消费人数": 2816,
    "消费总额": 82468.0
  },
  "10/13": {
    "人均消费": 29.312144886363637,
    "消费人数": 2816,
    "消费总额": 82543.0
  },
  "11/25": {
    "人均消费": 29.218394886363637,
    "消费人数": 2816,
    "消费总额": 82279.0
  },
  "10/16": {
    "人均消费": 29.144176136363637,
    "消费人数": 2816,
    "消费总额": 82070.0
  },
  "11/28": {
    "人均消费": 29.224076704545453,
    "消费人数": 2816,
    "消费总额": 82295.0
  },
  "10/15": {
    "人均消费": 29.306463068181817,
    "消费人数": 2816,
    "消费总额": 82527.0
  },
  "11/27": {
    "人均消费": 29.204900568181817,
    "消费人数": 2816,
    "消费总额": 82241.0
  },
  "10/18": {
    "人均消费": 29.139204545454547,
    "消费人数": 2816,
    "消费总额": 82056.0
  },
  "10/17": {
    "人均消费": 29.207741477272727,
    "消费人数": 2816,
    "消费总额": 82249.0
  },
  "11/29": {
    "人均消费": 29.267755681818183,
    "消费人数": 2816,
    "消费总额": 82418.0
  },
  "10/21": {
    "人均消费": 29.224431818181817,
    "消费人数": 2816,
    "消费总额": 82296.0
  },
  "10/20": {
    "人均消费": 29.19921875,
    "消费人数": 2816,
    "消费总额": 82225.0
  },
  "09/09": {
    "人均消费": 29.204545454545453,
    "消费人数": 2816,
    "消费总额": 82240.0
  },
  "09/08": {
    "人均消费": 29.2109375,
    "消费人数": 2816,
    "消费总额": 82258.0
  },
  "09/07": {
    "人均消费": 29.234730113636363,
    "消费人数": 2816,
    "消费总额": 82325.0
  },
  "09/06": {
    "人均消费": 29.196022727272727,
    "消费人数": 2816,
    "消费总额": 82216.0
  },
  "09/05": {
    "人均消费": 29.300071022727273,
    "消费人数": 2816,
    "消费总额": 82509.0
  },
  "09/04": {
    "人均消费": 29.343039772727273,
    "消费人数": 2816,
    "消费总额": 82630.0
  },
  "09/03": {
    "人均消费": 29.25106534090909,
    "消费人数": 2816,
    "消费总额": 82371.0
  },
  "09/02": {
    "人均消费": 29.206321022727273,
    "消费人数": 2816,
    "消费总额": 82245.0
  },
  "09/01": {
    "人均消费": 29.28018465909091,
    "消费人数": 2816,
    "消费总额": 82453.0
  },
  "10/23": {
    "人均消费": 29.20987215909091,
    "消费人数": 2816,
    "消费总额": 82255.0
  },
  "10/22": {
    "人均消费": 29.329545454545453,
    "消费人数": 2816,
    "消费总额": 82592.0
  },
  "10/25": {
    "人均消费": 29.299360795454547,
    "消费人数": 2816,
    "消费总额": 82507.0
  },
  "10/24": {
    "人均消费": 29.279474431818183,
    "消费人数": 2816,
    "消费总额": 82451.0
  },
  "10/27": {
    "人均消费": 29.231178977272727,
    "消费人数": 2816,
    "消费总额": 82315.0
  },
  "10/26": {
    "人均消费": 29.1015625,
    "消费人数": 2816,
    "消费总额": 81950.0
  },
  "10/29": {
    "人均消费": 29.26171875,
    "消费人数": 2816,
    "消费总额": 82401.0
  },
  "10/28": {
    "人均消费": 29.282670454545453,
    "消费人数": 2816,
    "消费总额": 82460.0
  }
}