{
  "10/30": {
    "人均消费": 29.345394736842106,
    "消费人数": 1824,
    "消费总额": 53526.0
  },
  "10/31": {
    "人均消费": 29.32675438596491,
    "消费人数": 1824,
    "消费总额": 53492.0
  },
  "11/09": {
    "人均消费": 29.34923245614035,
    "消费人数": 1824,
    "消费总额": 53533.0
  },
  "11/02": {
    "人均消费": 29.35800438596491,
    "消费人数": 1824,
    "消费总额": 53549.0
  },
  "11/01": {
    "人均消费": 29.232456140350877,
    "消费人数": 1824,
    "消费总额": 53320.0
  },
  "11/04": {
    "人均消费": 29.19188596491228,
    "消费人数": 1824,
    "消费总额": 53246.0
  },
  "11/03": {
    "人均消费": 29.34155701754386,
    "消费人数": 1824,
    "消费总额": 53519.0
  },
  "09/30": {
    "人均消费": 29.341008771929825,
    "消费人数": 1824,
    "消费总额": 53518.0
  },
  "11/06": {
    "人均消费": 29.30482456140351,
    "消费人数": 1824,
    "消费总额": 53452.0
  },
  "11/05": {
    "人均消费": 29.08114035087719,
    "消费人数": 1824,
    "消费总额": 53044.0
  },
  "11/08": {
    "人均消费": 29.31140350877193,
    "消费人数": 1824,
    "消费总额": 53464.0
  },
  "11/07": {
    "人均消费": 29.196820175438596,
    "消费人数": 1824,
    "消费总额": 53255.0
  },
  "11/11": {
    "人均消费": 29.26699561403509,
    "消费人数": 1824,
    "消费总额": 53383.0
  },
  "11/10": {
    "人均消费": 29.17872807017544,
    "消费人数": 1824,
    "消费总额": 53222.0
  },
  "10/09": {
    "人均消费": 29.203399122807017,
    "消费人数": 1824,
    "消费总额": 53267.0
  },
  "10/08": {
    "人均消费": 29.171600877192983,
    "消费人数": 1824,
    "消费总额": 53209.0
  },
  "09/29": {
    "人均消费": 29.45668859649123,
    "消费人数": 1824,
    "消费总额": 53729.0
  },
  "09/28": {
    "人均消费": 29.225877192982455,
    "消费人数": 1824,
    "消费总额": 53308.0
  },
  "09/27": {
    "人均消费": 29.37390350877193,
    "消费人数": 1824,
    "消费总额": 53578.0
  },
  "09/26": {
    "人均消费": 29.327850877192983,
    "消费人数": 1824,
    "消费总额": 53494.0
  },
  "09/25": {
    "人均消费": 29.240679824561404,
    "消费人数": 1824,
    "消费总额": 53335.0
  },
  "09/24": {
    "人均消费": 29.37719298245614,
    "消费人数": 1824,
    "消费总额": 53584.0
  },
  "09/23": {
    "人均消费": 29.276315789473685,
    "消费人数": 1824,
    "消费总额": 53400.0
  },
  "10/01": {
    "人均消费": 29.32949561403509,
    "消费人数": 1824,
    "消费总额": 53497.0
  },
  "11/13": {
    "人均消费": 29.207785087719298,
    "消费人数": 1824,
    "消费总额": 53275.0
  },
  "09/22": {
    "人均消费": 29.146929824561404,
    "消费人数": 1824,
    "消费总额": 53164.0
  },
  "11/12": {
    "人均消费": 29.17982456140351,
    "消费人数": 1824,
    "消费总额": 53224.0
  },
  "09/21": {
    "人均消费": 29.27905701754386,
    "消费人数": 1824,
    "消费总额": 53405.0
  },
  "10/03": {
    "人均消费": 29.21436403508772,
    "消费人数": 1824,
    "消费总额": 53287.0
  },
  "11/15": {
    "人均消费": 29.38048245614035,
    "消费人数": 1824,
    "消费总额": 53590.0
  },
  "09/20": {
    "人均消费": 29.24342105263158,
    "消费人数": 1824,
    "消费总额": 53340.0
  },
  "10/02": {
    "人均消费": 29.337719298245613,
    "消费人数": 1824,
    "消费总额": 53512.0
  },
  "11/14": {
    "人均消费": 29.218201754385966,
    "消费人数": 1824,
    "消费总额": 53294.0
  },
  "10/05": {
    "人均消费": 29.212719298245613,
    "消费人数": 1824,
    "消费总额": 53284.0
  },
  "11/17": {
    "人均消费": 29.281798245614034,
    "消费人数": 1824,
    "消费总额": 53410.0
  },
  "10/04": {
    "人均消费": 29.29385964912281,
    "消费人数": 1824,
    "消费总额": 53432.0
  },
  "11/16": {
    "人均消费": 29.28234649122807,
    "消费人数": 1824,
    "消费总额": 53411.0
  },
  "10/07": {
    "人均消费": 29.21765350877193,
    "消费人数": 1824,
    "消费总额": 53293.0
  },
  "11/19": {
    "人均消费": 29.25328947368421,
    "消费人数": 1824,
    "消费总额": 53358.0
  },
  "10/06": {
    "人均消费": 29.33497807017544,
    "消费人数": 1824,
    "消费总额": 53507.0
  },
  "11/18": {
    "人均消费": 29.384320175438596,
    "消费人数": 1824,
    "消费总额": 53597.0
  },
  "11/20": {
    "人均消费": 29.209429824561404,
    "消费人数": 1824,
    "消费总额": 53278.0
  },
  "10/10": {
    "人均消费": 29.294956140350877,
    "消费人数": 1824,
    "消费总额": 53434.0
  },
  "11/22": {
    "人均消费": 29.287280701754387,
    "消费人数": 1824,
    "消费总额": 53420.0
  },
  "11/21": {
    "人均消费": 29.213815789473685,
    "消费人数": 1824,
    "消费总额": 53286.0
  },
  "09/19": {
    "人均消费": 29.29769736842105,
    "消费人数": 1824,
    "消费总额": 53439.0
  },
  "10/19": {
    "人均消费": 29.427083333333332,
    "消费人数": 1824,
    "消费总额": 53675.0
  },
  "09/18": {
    "人均消费": 29.19736842105263,
    "消费人数": 1824,
    "消费总额": 53256.0
  },
  "09/17": {
    "人均消费": 29.15515350877193,
    "消费人数": 1824,
    "消费总额": 53179.0
  },
  "09/16": {
    "人均消费": 29.27247807017544,
    "消费人数": 1824,
    "消费总额": 53393.0
  },
  "09/15": {
    "人均消费": 29.194627192982455,
    "消费人数": 1824,
    "消费总额": 53251.0
  },
  "09/14": {
    "人均消费": 29.22752192982456,
    "消费人数": 1824,
    "消费总额": 53311.0
  },
  "09/13": {
    "人均消费": 29.224780701754387,
    "消费人数": 1824,
    "消费总额": 53306.0
  },
  "09/12": {
    "人均消费": 29.28673245614035,
    "消费人数": 1824,
    "消费总额": 53419.0
  },
  "10/12": {
    "人均消费": 29.13377192982456,
    "消费人数": 1824,
    "消费总额": 53140.0
  },
  "11/24": {
    "人均消费": 29.12390350877193,
    "消费人数": 1824,
    "消费总额": 53122.0
  },
  "09/11": {
    "人均消费": 29.083333333333332,
    "消费人数": 1824,
    "消费总额": 53048.0
  },
  "10/11": {
    "人均消费": 29.250548245614034,
    "消费人数": 1824,
    "消费总额": 53353.0
  },
  "11/23": {
    "人均消费": 29.155701754385966,
    "消费人数": 1824,
    "消费总额": 53180.0
  },
  "09/10": {
    "人均消费": 29.084429824561404,
    "消费人数": 1824,
    "消费总额": 53050.0
  },
  "10/14": {
    "人均消费": 29.10855263157895,
    "消费人数": 1824,
    "消费总额": 53094.0
  },
  "11/26": {
    "人均消费": 29.257127192982455,
    "消费人数": 1824,
    "消费总额": 53365.0
  },
  "10/13": {
    "人均消费": 29.25877192982456,
    "消费人数": 1824,
    "消费总额": 53368.0
  },
  "11/25": {
    "人均消费": 29.216008771929825,
    "消费人数": 1824,
    "消费总额": 53290.0
  },
  "10/16": {
    "人均消费": 29.084429824561404,
    "消费人数": 1824,
    "消费总额": 53050.0
  },
  "11/28": {
    "人均消费": 29.22532894736842,
    "消费人数": 1824,
    "消费总额": 53307.0
  },
  "10/15": {
    "人均消费": 29.34375,
    "消费人数": 1824,
    "消费总额": 53523.0
  },
  "11/27": {
    "人均消费": 29.25,
    "消费人数": 1824,
    "消费总额": 53352.0
  },
  "10/18": {
    "人均消费": 29.101973684210527,
    "消费人数": 1824,
    "消费总额": 53082.0
  },
  "10/17": {
    "人均消费": 29.181469298245613,
    "消费人数": 1824,
    "消费总额": 53227.0
  },
  "11/29": {
    "人均消费": 29.30482456140351,
    "消费人数": 1824,
    "消费总额": 53452.0
  },
  "10/21": {
    "人均消费": 29.292214912280702,
    "消费人数": 1824,
    "消费总额": 53429.0
  },
  "10/20": {
    "人均消费": 29.065241228070175,
    "消费人数": 1824,
    "消费总额": 53015.0
  },
  "09/09": {
    "人均消费": 29.101973684210527,
    "消费人数": 1824,
    "消费总额": 53082.0
  },
  "09/08": {
    "人均消费": 29.14364035087719,
    "消费人数": 1824,
    "消费总额": 53158.0
  },
  "09/07": {
    "人均消费": 29.209429824561404,
    "消费人数": 1824,
    "消费总额": 53278.0
  },
  "09/06": {
    "人均消费": 29.222587719298247,
    "消费人数": 1824,
    "消费总额": 53302.0
  },
  "09/05": {
    "人均消费": 29.342105263157894,
    "消费人数": 1824,
    "消费总额": 53520.0
  },
  "09/04": {
    "人均消费": 29.24122807017544,
    "消费人数": 1824,
    "消费总额": 53336.0
  },
  "09/03": {
    "人均消费": 29.279605263157894,
    "消费人数": 1824,
    "消费总额": 53406.0
  },
  "09/02": {
    "人均消费": 29.324013157894736,
    "消费人数": 1824,
    "消费总额": 53487.0
  },
  "09/01": {
    "人均消费": 29.231907894736842,
    "消费人数": 1824,
    "消费总额": 53319.0
  },
  "10/23": {
    "人均消费": 29.217105263157894,
    "消费人数": 1824,
    "消费总额": 53292.0
  },
  "10/22": {
    "人均消费": 29.34703947368421,
    "消费人数": 1824,
    "消费总额": 53529.0
  },
  "10/25": {
    "人均消费": 29.41063596491228,
    "消费人数": 1824,
    "消费总额": 53645.0
  },
  "10/24": {
    "人均消费": 29.251644736842106,
    "消费人数": 1824,
    "消费总额": 53355.0
  },
  "10/27": {
    "人均消费": 29.212719298245613,
    "消费人数": 1824,
    "消费总额": 53284.0
  },
  "10/26": {
    "人均消费": 29.18640350877193,
    "消费人数": 1824,
    "消费总额": 53236.0
  },
  "10/29": {
    "人均消费": 29.243969298245613,
    "消费人数": 1824,
    "消费总额": 53341.0
  },
  "10/28": {
    "人均消费": 29.253837719298247,
    "消费人数": 1824,
    "消费总额": 53359.0
  }
}