{
  "10/30": {
    "人均消费": 29.264112903225808,
    "消费人数": 992,
    "消费总额": 29030
  },
  "10/31": {
    "人均消费": 29.378024193548388,
    "消费人数": 992,
    "消费总额": 29143
  },
  "11/09": {
    "人均消费": 29.174395161290324,
    "消费人数": 992,
    "消费总额": 28941
  },
  "11/02": {
    "人均消费": 29.103830645161292,
    "消费人数": 992,
    "消费总额": 28871
  },
  "11/01": {
    "人均消费": 29.257056451612904,
    "消费人数": 992,
    "消费总额": 29023
  },
  "11/04": {
    "人均消费": 29.128024193548388,
    "消费人数": 992,
    "消费总额": 28895
  },
  "11/03": {
    "人均消费": 29.15423387096774,
    "消费人数": 992,
    "消费总额": 28921
  },
  "09/30": {
    "人均消费": 29.203629032258064,
    "消费人数": 992,
    "消费总额": 28970
  },
  "11/06": {
    "人均消费": 29.19657258064516,
    "消费人数": 992,
    "消费总额": 28963
  },
  "11/05": {
    "人均消费": 29.254032258064516,
    "消费人数": 992,
    "消费总额": 29020
  },
  "11/08": {
    "人均消费": 29.305443548387096,
    "消费人数": 992,
    "消费总额": 29071
  },
  "11/07": {
    "人均消费": 29.46673387096774,
    "消费人数": 992,
    "消费总额": 29231
  },
  "11/11": {
    "人均消费": 29.266129032258064,
    "消费人数": 992,
    "消费总额": 29032
  },
  "11/10": {
    "人均消费": 29.054435483870968,
    "消费人数": 992,
    "消费总额": 28822
  },
  "10/09": {
    "人均消费": 29.348790322580644,
    "消费人数": 992,
    "消费总额": 29114
  },
  "10/08": {
    "人均消费": 29.411290322580644,
    "消费人数": 992,
    "消费总额": 29176
  },
  "09/29": {
    "人均消费": 29.101814516129032,
    "消费人数": 992,
    "消费总额": 28869
  },
  "09/28": {
    "人均消费": 29.103830645161292,
    "消费人数": 992,
    "消费总额": 28871
  },
  "09/27": {
    "人均消费": 29.203629032258064,
    "消费人数": 992,
    "消费总额": 28970
  },
  "09/26": {
    "人均消费": 29.06451612903226,
    "消费人数": 992,
    "消费总额": 28832
  },
  "09/25": {
    "人均消费": 29.003024193548388,
    "消费人数": 992,
    "消费总额": 28771
  },
  "09/24": {
    "人均消费": 29.597782258064516,
    "消费人数": 992,
    "消费总额": 29361
  },
  "09/23": {
    "人均消费": 29.276209677419356,
    "消费人数": 992,
    "消费总额": 29042
  },
  "10/01": {
    "人均消费": 29.22983870967742,
    "消费人数": 992,
    "消费总额": 28996
  },
  "11/13": {
    "人均消费": 29.3125,
    "消费人数": 992,
    "消费总额": 29078
  },
  "09/22": {
    "人均消费": 29.320564516129032,
    "消费人数": 992,
    "消费总额": 29086
  },
  "11/12": {
    "人均消费": 29.313508064516128,
    "消费人数": 992,
    "消费总额": 29079
  },
  "09/21": {
    "人均消费": 29.25,
    "消费人数": 992,
    "消费总额": 29016
  },
  "10/03": {
    "人均消费": 29.161290322580644,
    "消费人数": 992,
    "消费总额": 28928
  },
  "11/15": {
    "人均消费": 29.090725806451612,
    "消费人数": 992,
    "消费总额": 28858
  },
  "09/20": {
    "人均消费": 29.346774193548388,
    "消费人数": 992,
    "消费总额": 29112
  },
  "10/02": {
    "人均消费": 29.280241935483872,
    "消费人数": 992,
    "消费总额": 29046
  },
  "11/14": {
    "人均消费": 29.382056451612904,
    "消费人数": 992,
    "消费总额": 29147
  },
  "10/05": {
    "人均消费": 29.036290322580644,
    "消费人数": 992,
    "消费总额": 28804
  },
  "11/17": {
    "人均消费": 29.237903225806452,
    "消费人数": 992,
    "消费总额": 29004
  },
  "10/04": {
    "人均消费": 29.191532258064516,
    "消费人数": 992,
    "消费总额": 28958
  },
  "11/16": {
    "人均消费": 29.224798387096776,
    "消费人数": 992,
    "消费总额": 28991
  },
  "10/07": {
    "人均消费": 29.237903225806452,
    "消费人数": 992,
    "消费总额": 29004
  },
  "11/19": {
    "人均消费": 29.276209677419356,
    "消费人数": 992,
    "消费总额": 29042
  },
  "10/06": {
    "人均消费": 29.452620967741936,
    "消费人数": 992,
    "消费总额": 29217
  },
  "11/18": {
    "人均消费": 29.141129032258064,
    "消费人数": 992,
    "消费总额": 28908
  },
  "11/20": {
    "人均消费": 29.296370967741936,
    "消费人数": 992,
    "消费总额": 29062
  },
  "10/10": {
    "人均消费": 29.118951612903224,
    "消费人数": 992,
    "消费总额": 28886
  },
  "11/22": {
    "人均消费": 29.366935483870968,
    "消费人数": 992,
    "消费总额": 29132
  },
  "11/21": {
    "人均消费": 29.135080645161292,
    "消费人数": 992,
    "消费总额": 28902
  },
  "09/19": {
    "人均消费": 29.24092741935484,
    "消费人数": 992,
    "消费总额": 29007
  },
  "10/19": {
    "人均消费": 29.203629032258064,
    "消费人数": 992,
    "消费总额": 28970
  },
  "09/18": {
    "人均消费": 29.392137096774192,
    "消费人数": 992,
    "消费总额": 29157
  },
  "09/17": {
    "人均消费": 29.213709677419356,
    "消费人数": 992,
    "消费总额": 28980
  },
  "09/16": {
    "人均消费": 29.276209677419356,
    "消费人数": 992,
    "消费总额": 29042
  },
  "09/15": {
    "人均消费": 29.182459677419356,
    "消费人数": 992,
    "消费总额": 28949
  },
  "09/14": {
    "人均消费": 29.137096774193548,
    "消费人数": 992,
    "消费总额": 28904
  },
  "09/13": {
    "人均消费": 29.21875,
    "消费人数": 992,
    "消费总额": 28985
  },
  "09/12": {
    "人均消费": 29.41733870967742,
    "消费人数": 992,
    "消费总额": 29182
  },
  "10/12": {
    "人均消费": 29.11391129032258,
    "消费人数": 992,
    "消费总额": 28881
  },
  "11/24": {
    "人均消费": 29.235887096774192,
    "消费人数": 992,
    "消费总额": 29002
  },
  "09/11": {
    "人均消费": 29.155241935483872,
    "消费人数": 992,
    "消费总额": 28922
  },
  "10/11": {
    "人均消费": 29.38407258064516,
    "消费人数": 992,
    "消费总额": 29149
  },
  "11/23": {
    "人均消费": 29.35483870967742,
    "消费人数": 992,
    "消费总额": 29120
  },
  "09/10": {
    "人均消费": 29.361895161290324,
    "消费人数": 992,
    "消费总额": 29127
  },
  "10/14": {
    "人均消费": 29.222782258064516,
    "消费人数": 992,
    "消费总额": 28989
  },
  "11/26": {
    "人均消费": 29.337701612903224,
    "消费人数": 992,
    "消费总额": 29103
  },
  "10/13": {
    "人均消费": 29.410282258064516,
    "消费人数": 992,
    "消费总额": 29175
  },
  "11/25": {
    "人均消费": 29.222782258064516,
    "消费人数": 992,
    "消费总额": 28989
  },
  "10/16": {
    "人均消费": 29.254032258064516,
    "消费人数": 992,
    "消费总额": 29020
  },
  "11/28": {
    "人均消费": 29.221774193548388,
    "消费人数": 992,
    "消费总额": 28988
  },
  "10/15": {
    "人均消费": 29.237903225806452,
    "消费人数": 992,
    "消费总额": 29004
  },
  "11/27": {
    "人均消费": 29.121975806451612,
    "消费人数": 992,
    "消费总额": 28889
  },
  "10/18": {
    "人均消费": 29.20766129032258,
    "消费人数": 992,
    "消费总额": 28974
  },
  "10/17": {
    "人均消费": 29.256048387096776,
    "消费人数": 992,
    "消费总额": 29022
  },
  "11/29": {
    "人均消费": 29.199596774193548,
    "消费人数": 992,
    "消费总额": 28966
  },
  "10/21": {
    "人均消费": 29.099798387096776,
    "消费人数": 992,
    "消费总额": 28867
  },
  "10/20": {
    "人均消费": 29.445564516129032,
    "消费人数": 992,
    "消费总额": 29210
  },
  "09/09": {
    "人均消费": 29.393145161290324,
    "消费人数": 992,
    "消费总额": 29158
  },
  "09/08": {
    "人均消费": 29.33467741935484,
    "消费人数": 992,
    "消费总额": 29100
  },
  "09/07": {
    "人均消费": 29.28125,
    "消费人数": 992,
    "消费总额": 29047
  },
  "09/06": {
    "人均消费": 29.14717741935484,
    "消费人数": 992,
    "消费总额": 28914
  },
  "09/05": {
    "人均消费": 29.222782258064516,
    "消费人数": 992,
    "消费总额": 28989
  },
  "09/04": {
    "人均消费": 29.530241935483872,
    "消费人数": 992,
    "消费总额": 29294
  },
  "09/03": {
    "人均消费": 29.19858870967742,
    "消费人数": 992,
    "消费总额": 28965
  },
  "09/02": {
    "人均消费": 28.989919354838708,
    "消费人数": 992,
    "消费总额": 28758
  },
  "09/01": {
    "人均消费": 29.368951612903224,
    "消费人数": 992,
    "消费总额": 29134
  },
  "10/23": {
    "人均消费": 29.19657258064516,
    "消费人数": 992,
    "消费总额": 28963
  },
  "10/22": {
    "人均消费": 29.297379032258064,
    "消费人数": 992,
    "消费总额": 29063
  },
  "10/25": {
    "人均消费": 29.094758064516128,
    "消费人数": 992,
    "消费总额": 28862
  },
  "10/24": {
    "人均消费": 29.330645161290324,
    "消费人数": 992,
    "消费总额": 29096
  },
  "10/27": {
    "人均消费": 29.265120967741936,
    "消费人数": 992,
    "消费总额": 29031
  },
  "10/26": {
    "人均消费": 28.945564516129032,
    "消费人数": 992,
    "消费总额": 28714
  },
  "10/29": {
    "人均消费": 29.294354838709676,
    "消费人数": 992,
    "消费总额": 29060
  },
  "10/28": {
    "人均消费": 29.335685483870968,
    "消费人数": 992,
    "消费总额": 29101
  }
}